match_id,date,url
3893834,2023-08-03,https://raw.githubusercontent.com/hudl/open-data/master/data/events/3893834.json
3893808,2023-07-27,https://raw.githubusercontent.com/hudl/open-data/master/data/events/3893808.json
3893818,2023-07-30,https://raw.githubusercontent.com/hudl/open-data/master/data/events/3893818.json
3893795,2023-07-22,https://raw.githubusercontent.com/hudl/open-data/master/data/events/3893795.json
3893825,2023-08-01,https://raw.githubusercontent.com/hudl/open-data/master/data/events/3893825.json
3893798,2023-07-23,https://raw.githubusercontent.com/hudl/open-data/master/data/events/3893798.json
3893832,2023-08-02,https://raw.githubusercontent.com/hudl/open-data/master/data/events/3893832.json
3893829,2023-08-02,https://raw.githubusercontent.com/hudl/open-data/master/data/events/3893829.json
3893805,2023-07-26,https://raw.githubusercontent.com/hudl/open-data/master/data/events/3893805.json
3901734,2023-08-05,https://raw.githubusercontent.com/hudl/open-data/master/data/events/3901734.json
3893802,2023-07-25,https://raw.githubusercontent.com/hudl/open-data/master/data/events/3893802.json
3893799,2023-07-24,https://raw.githubusercontent.com/hudl/open-data/master/data/events/3893799.json
3893824,2023-07-31,https://raw.githubusercontent.com/hudl/open-data/master/data/events/3893824.json
3893827,2023-08-01,https://raw.githubusercontent.com/hudl/open-data/master/data/events/3893827.json
3893819,2023-07-30,https://raw.githubusercontent.com/hudl/open-data/master/data/events/3893819.json
3893815,2023-07-29,https://raw.githubusercontent.com/hudl/open-data/master/data/events/3893815.json
3893800,2023-07-24,https://raw.githubusercontent.com/hudl/open-data/master/data/events/3893800.json
3893816,2023-07-29,https://raw.githubusercontent.com/hudl/open-data/master/data/events/3893816.json
3893830,2023-08-02,https://raw.githubusercontent.com/hudl/open-data/master/data/events/3893830.json
3893833,2023-08-03,https://raw.githubusercontent.com/hudl/open-data/master/data/events/3893833.json
3901833,2023-08-08,https://raw.githubusercontent.com/hudl/open-data/master/data/events/3901833.json
3901736,2023-08-07,https://raw.githubusercontent.com/hudl/open-data/master/data/events/3901736.json
3902968,2023-08-12,https://raw.githubusercontent.com/hudl/open-data/master/data/events/3902968.json
3893793,2023-07-22,https://raw.githubusercontent.com/hudl/open-data/master/data/events/3893793.json
3893826,2023-08-01,https://raw.githubusercontent.com/hudl/open-data/master/data/events/3893826.json
3893823,2023-07-31,https://raw.githubusercontent.com/hudl/open-data/master/data/events/3893823.json
3893813,2023-07-28,https://raw.githubusercontent.com/hudl/open-data/master/data/events/3893813.json
3893790,2023-07-21,https://raw.githubusercontent.com/hudl/open-data/master/data/events/3893790.json
3893796,2023-07-23,https://raw.githubusercontent.com/hudl/open-data/master/data/events/3893796.json
3893831,2023-08-02,https://raw.githubusercontent.com/hudl/open-data/master/data/events/3893831.json
3906390,2023-08-20,https://raw.githubusercontent.com/hudl/open-data/master/data/events/3906390.json
3893804,2023-07-25,https://raw.githubusercontent.com/hudl/open-data/master/data/events/3893804.json
3893791,2023-07-21,https://raw.githubusercontent.com/hudl/open-data/master/data/events/3893791.json
3901733,2023-08-05,https://raw.githubusercontent.com/hudl/open-data/master/data/events/3901733.json
3893810,2023-07-27,https://raw.githubusercontent.com/hudl/open-data/master/data/events/3893810.json
3893787,2023-07-20,https://raw.githubusercontent.com/hudl/open-data/master/data/events/3893787.json
3893820,2023-07-30,https://raw.githubusercontent.com/hudl/open-data/master/data/events/3893820.json
3893817,2023-07-30,https://raw.githubusercontent.com/hudl/open-data/master/data/events/3893817.json
3904629,2023-08-16,https://raw.githubusercontent.com/hudl/open-data/master/data/events/3904629.json
3906389,2023-08-19,https://raw.githubusercontent.com/hudl/open-data/master/data/events/3906389.json
3893821,2023-07-31,https://raw.githubusercontent.com/hudl/open-data/master/data/events/3893821.json
3904628,2023-08-15,https://raw.githubusercontent.com/hudl/open-data/master/data/events/3904628.json
3893806,2023-07-26,https://raw.githubusercontent.com/hudl/open-data/master/data/events/3893806.json
3893801,2023-07-24,https://raw.githubusercontent.com/hudl/open-data/master/data/events/3893801.json
3893797,2023-07-23,https://raw.githubusercontent.com/hudl/open-data/master/data/events/3893797.json
3893822,2023-07-31,https://raw.githubusercontent.com/hudl/open-data/master/data/events/3893822.json
3893814,2023-07-29,https://raw.githubusercontent.com/hudl/open-data/master/data/events/3893814.json
3901832,2023-08-08,https://raw.githubusercontent.com/hudl/open-data/master/data/events/3901832.json
3902967,2023-08-12,https://raw.githubusercontent.com/hudl/open-data/master/data/events/3902967.json
3901797,2023-08-06,https://raw.githubusercontent.com/hudl/open-data/master/data/events/3901797.json
3901796,2023-08-06,https://raw.githubusercontent.com/hudl/open-data/master/data/events/3901796.json
3902240,2023-08-11,https://raw.githubusercontent.com/hudl/open-data/master/data/events/3902240.json
3902239,2023-08-11,https://raw.githubusercontent.com/hudl/open-data/master/data/events/3902239.json
3901735,2023-08-07,https://raw.githubusercontent.com/hudl/open-data/master/data/events/3901735.json
3893811,2023-07-28,https://raw.githubusercontent.com/hudl/open-data/master/data/events/3893811.json
3893812,2023-07-28,https://raw.githubusercontent.com/hudl/open-data/master/data/events/3893812.json
3893809,2023-07-27,https://raw.githubusercontent.com/hudl/open-data/master/data/events/3893809.json
3893807,2023-07-26,https://raw.githubusercontent.com/hudl/open-data/master/data/events/3893807.json
3893788,2023-07-20,https://raw.githubusercontent.com/hudl/open-data/master/data/events/3893788.json
3893789,2023-07-21,https://raw.githubusercontent.com/hudl/open-data/master/data/events/3893789.json
3893794,2023-07-22,https://raw.githubusercontent.com/hudl/open-data/master/data/events/3893794.json
3893792,2023-07-22,https://raw.githubusercontent.com/hudl/open-data/master/data/events/3893792.json
3893828,2023-08-01,https://raw.githubusercontent.com/hudl/open-data/master/data/events/3893828.json
3893803,2023-07-25,https://raw.githubusercontent.com/hudl/open-data/master/data/events/3893803.json
